<?xml version="1.0" encoding="UTF-8"?>
<itop_design xmlns:xsi="http://www.w3.org/2001/XMLSchema-instance" version="3.0">
  <classes>
    <class id="TelephonyCI" _delta="define">
      <parent>PhysicalDevice</parent>
      <properties>
        <category>bizmodel,searchable</category>
        <abstract>true</abstract>
        <key_type>autoincrement</key_type>
        <db_table>telephonyci</db_table>
        <db_key_field>id</db_key_field>
        <db_final_class_field/>
        <naming>
          <attributes>
            <attribute id="name"/>
          </attributes>
        </naming>
        <style>
          <icon>../../images/icons/icons8-phone.svg</icon>
        </style>
        <reconciliation>
          <attributes>
            <attribute id="name"/>
            <attribute id="org_id"/>
            <attribute id="organization_name"/>
            <attribute id="finalclass"/>
          </attributes>
        </reconciliation>
      </properties>
      <fields>
        <field id="phonenumber" xsi:type="AttributeString">
          <sql>phonenumber</sql>
          <default_value/>
          <is_null_allowed>true</is_null_allowed>
        </field>
      </fields>
      <methods/>
      <presentation>
        <details>
          <items>
            <item id="name">
              <rank>10</rank>
            </item>
            <item id="org_id">
              <rank>20</rank>
            </item>
            <item id="status">
              <rank>30</rank>
            </item>
            <item id="business_criticity">
              <rank>40</rank>
            </item>
            <item id="location_id">
              <rank>50</rank>
            </item>
            <item id="brand_id">
              <rank>60</rank>
            </item>
            <item id="model_id">
              <rank>70</rank>
            </item>
            <item id="phonenumber">
              <rank>80</rank>
            </item>
            <item id="serialnumber">
              <rank>90</rank>
            </item>
            <item id="asset_number">
              <rank>100</rank>
            </item>
            <item id="move2production">
              <rank>110</rank>
            </item>
            <item id="purchase_date">
              <rank>120</rank>
            </item>
            <item id="end_of_warranty">
              <rank>130</rank>
            </item>
            <item id="description">
              <rank>140</rank>
            </item>
            <item id="contacts_list">
              <rank>150</rank>
            </item>
            <item id="documents_list">
              <rank>160</rank>
            </item>
          </items>
        </details>
        <search>
          <items>
            <item id="name">
              <rank>10</rank>
            </item>
            <item id="org_id">
              <rank>20</rank>
            </item>
            <item id="status">
              <rank>30</rank>
            </item>
            <item id="business_criticity">
              <rank>40</rank>
            </item>
            <item id="location_id">
              <rank>50</rank>
            </item>
            <item id="brand_id">
              <rank>60</rank>
            </item>
            <item id="model_id">
              <rank>70</rank>
            </item>
            <item id="phonenumber">
              <rank>80</rank>
            </item>
            <item id="serialnumber">
              <rank>90</rank>
            </item>
            <item id="asset_number">
              <rank>100</rank>
            </item>
            <item id="move2production">
              <rank>110</rank>
            </item>
            <item id="purchase_date">
              <rank>120</rank>
            </item>
            <item id="end_of_warranty">
              <rank>130</rank>
            </item>
          </items>
        </search>
        <list>
          <items>
            <item id="org_id">
              <rank>10</rank>
            </item>
            <item id="status">
              <rank>20</rank>
            </item>
            <item id="location_id">
              <rank>30</rank>
            </item>
            <item id="brand_id">
              <rank>40</rank>
            </item>
            <item id="model_id">
              <rank>50</rank>
            </item>
            <item id="phonenumber">
              <rank>60</rank>
            </item>
          </items>
        </list>
      </presentation>
    </class>
    <class id="Phone" _delta="define">
      <parent>TelephonyCI</parent>
      <properties>
        <category>bizmodel,searchable</category>
        <abstract>false</abstract>
        <key_type>autoincrement</key_type>
        <db_table>phone</db_table>
        <db_key_field>id</db_key_field>
        <db_final_class_field/>
        <naming>
          <attributes>
            <attribute id="name"/>
          </attributes>
        </naming>
        <style>
          <icon>../../images/icons/icons8-telephone.svg</icon>
        </style>
        <reconciliation>
          <attributes>
            <attribute id="name"/>
            <attribute id="org_id"/>
            <attribute id="organization_name"/>
          </attributes>
        </reconciliation>
      </properties>
      <fields/>
      <methods/>
      <presentation>
        <details>
          <items>
            <item id="name">
              <rank>10</rank>
            </item>
            <item id="org_id">
              <rank>20</rank>
            </item>
            <item id="status">
              <rank>30</rank>
            </item>
            <item id="business_criticity">
              <rank>40</rank>
            </item>
            <item id="location_id">
              <rank>50</rank>
            </item>
            <item id="brand_id">
              <rank>60</rank>
            </item>
            <item id="model_id">
              <rank>70</rank>
            </item>
            <item id="phonenumber">
              <rank>80</rank>
            </item>
            <item id="serialnumber">
              <rank>90</rank>
            </item>
            <item id="asset_number">
              <rank>100</rank>
            </item>
            <item id="move2production">
              <rank>110</rank>
            </item>
            <item id="purchase_date">
              <rank>120</rank>
            </item>
            <item id="end_of_warranty">
              <rank>130</rank>
            </item>
            <item id="description">
              <rank>140</rank>
            </item>
            <item id="contacts_list">
              <rank>150</rank>
            </item>
            <item id="documents_list">
              <rank>160</rank>
            </item>
            <item id="providercontracts_list">
              <rank>180</rank>
            </item>
            <item id="services_list">
              <rank>190</rank>
            </item>
          </items>
        </details>
        <search>
          <items>
            <item id="name">
              <rank>10</rank>
            </item>
            <item id="org_id">
              <rank>20</rank>
            </item>
            <item id="status">
              <rank>30</rank>
            </item>
            <item id="business_criticity">
              <rank>40</rank>
            </item>
            <item id="location_id">
              <rank>50</rank>
            </item>
            <item id="brand_id">
              <rank>60</rank>
            </item>
            <item id="model_id">
              <rank>70</rank>
            </item>
            <item id="phonenumber">
              <rank>80</rank>
            </item>
            <item id="serialnumber">
              <rank>90</rank>
            </item>
            <item id="asset_number">
              <rank>100</rank>
            </item>
            <item id="move2production">
              <rank>110</rank>
            </item>
            <item id="purchase_date">
              <rank>120</rank>
            </item>
            <item id="end_of_warranty">
              <rank>130</rank>
            </item>
          </items>
        </search>
        <list>
          <items>
            <item id="org_id">
              <rank>10</rank>
            </item>
            <item id="status">
              <rank>20</rank>
            </item>
            <item id="location_id">
              <rank>30</rank>
            </item>
            <item id="brand_id">
              <rank>40</rank>
            </item>
            <item id="model_id">
              <rank>50</rank>
            </item>
            <item id="phonenumber">
              <rank>60</rank>
            </item>
          </items>
        </list>
      </presentation>
    </class>
    <class id="MobilePhone" _delta="define">
      <parent>TelephonyCI</parent>
      <properties>
        <category>bizmodel,searchable</category>
        <abstract>false</abstract>
        <key_type>autoincrement</key_type>
        <db_table>mobilephone</db_table>
        <db_key_field>id</db_key_field>
        <db_final_class_field/>
        <naming>
          <attributes>
            <attribute id="name"/>
          </attributes>
        </naming>
        <style>
          <icon>../../images/icons/icons8-mobile.svg</icon>
        </style>
        <reconciliation>
          <attributes>
            <attribute id="name"/>
            <attribute id="org_id"/>
            <attribute id="organization_name"/>
          </attributes>
        </reconciliation>
      </properties>
      <fields>
        <field id="imei" xsi:type="AttributeString">
          <sql>imei</sql>
          <default_value/>
          <is_null_allowed>true</is_null_allowed>
        </field>
        <field id="hw_pin" xsi:type="AttributeString">
          <sql>hw_pin</sql>
          <default_value/>
          <is_null_allowed>true</is_null_allowed>
        </field>
      </fields>
      <methods/>
      <presentation>
        <details>
          <items>
            <item id="name">
              <rank>10</rank>
            </item>
            <item id="org_id">
              <rank>20</rank>
            </item>
            <item id="status">
              <rank>30</rank>
            </item>
            <item id="business_criticity">
              <rank>40</rank>
            </item>
            <item id="location_id">
              <rank>50</rank>
            </item>
            <item id="brand_id">
              <rank>60</rank>
            </item>
            <item id="model_id">
              <rank>70</rank>
            </item>
            <item id="phonenumber">
              <rank>80</rank>
            </item>
            <item id="imei">
              <rank>90</rank>
            </item>
            <item id="hw_pin">
              <rank>100</rank>
            </item>
            <item id="serialnumber">
              <rank>110</rank>
            </item>
            <item id="asset_number">
              <rank>120</rank>
            </item>
            <item id="move2production">
              <rank>130</rank>
            </item>
            <item id="purchase_date">
              <rank>140</rank>
            </item>
            <item id="end_of_warranty">
              <rank>150</rank>
            </item>
            <item id="description">
              <rank>160</rank>
            </item>
            <item id="contacts_list">
              <rank>170</rank>
            </item>
            <item id="documents_list">
              <rank>180</rank>
            </item>
            <item id="providercontracts_list">
              <rank>200</rank>
            </item>
            <item id="services_list">
              <rank>210</rank>
            </item>
          </items>
        </details>
        <search>
          <items>
            <item id="name">
              <rank>10</rank>
            </item>
            <item id="org_id">
              <rank>20</rank>
            </item>
            <item id="status">
              <rank>30</rank>
            </item>
            <item id="business_criticity">
              <rank>40</rank>
            </item>
            <item id="location_id">
              <rank>50</rank>
            </item>
            <item id="brand_id">
              <rank>60</rank>
            </item>
            <item id="model_id">
              <rank>70</rank>
            </item>
            <item id="phonenumber">
              <rank>80</rank>
            </item>
            <item id="imei">
              <rank>90</rank>
            </item>
            <item id="hw_pin">
              <rank>100</rank>
            </item>
            <item id="serialnumber">
              <rank>110</rank>
            </item>
            <item id="asset_number">
              <rank>120</rank>
            </item>
            <item id="move2production">
              <rank>130</rank>
            </item>
            <item id="purchase_date">
              <rank>140</rank>
            </item>
            <item id="end_of_warranty">
              <rank>150</rank>
            </item>
          </items>
        </search>
        <list>
          <items>
            <item id="org_id">
              <rank>10</rank>
            </item>
            <item id="status">
              <rank>20</rank>
            </item>
            <item id="location_id">
              <rank>30</rank>
            </item>
            <item id="brand_id">
              <rank>40</rank>
            </item>
            <item id="model_id">
              <rank>50</rank>
            </item>
            <item id="phonenumber">
              <rank>60</rank>
            </item>
          </items>
        </list>
      </presentation>
    </class>
    <class id="IPPhone" _delta="define">
      <parent>TelephonyCI</parent>
      <properties>
        <category>bizmodel,searchable</category>
        <abstract>false</abstract>
        <key_type>autoincrement</key_type>
        <db_table>ipphone</db_table>
        <db_key_field>id</db_key_field>
        <db_final_class_field/>
        <naming>
          <attributes>
            <attribute id="name"/>
          </attributes>
        </naming>
        <style>
          <icon>../../images/icons/icons8-office-phone.svg</icon>
        </style>
        <reconciliation>
          <attributes>
            <attribute id="name"/>
            <attribute id="org_id"/>
            <attribute id="organization_name"/>
          </attributes>
        </reconciliation>
      </properties>
      <fields/>
      <methods/>
      <presentation>
        <details>
          <items>
            <item id="name">
              <rank>10</rank>
            </item>
            <item id="org_id">
              <rank>20</rank>
            </item>
            <item id="status">
              <rank>30</rank>
            </item>
            <item id="business_criticity">
              <rank>40</rank>
            </item>
            <item id="location_id">
              <rank>50</rank>
            </item>
            <item id="brand_id">
              <rank>60</rank>
            </item>
            <item id="model_id">
              <rank>70</rank>
            </item>
            <item id="phonenumber">
              <rank>80</rank>
            </item>
            <item id="serialnumber">
              <rank>90</rank>
            </item>
            <item id="asset_number">
              <rank>100</rank>
            </item>
            <item id="move2production">
              <rank>110</rank>
            </item>
            <item id="purchase_date">
              <rank>120</rank>
            </item>
            <item id="end_of_warranty">
              <rank>130</rank>
            </item>
            <item id="description">
              <rank>140</rank>
            </item>
            <item id="contacts_list">
              <rank>150</rank>
            </item>
            <item id="documents_list">
              <rank>160</rank>
            </item>
            <item id="providercontracts_list">
              <rank>180</rank>
            </item>
            <item id="services_list">
              <rank>190</rank>
            </item>
          </items>
        </details>
        <search>
          <items>
            <item id="name">
              <rank>10</rank>
            </item>
            <item id="org_id">
              <rank>20</rank>
            </item>
            <item id="status">
              <rank>30</rank>
            </item>
            <item id="business_criticity">
              <rank>40</rank>
            </item>
            <item id="location_id">
              <rank>50</rank>
            </item>
            <item id="brand_id">
              <rank>60</rank>
            </item>
            <item id="model_id">
              <rank>70</rank>
            </item>
            <item id="phonenumber">
              <rank>80</rank>
            </item>
            <item id="serialnumber">
              <rank>90</rank>
            </item>
            <item id="asset_number">
              <rank>100</rank>
            </item>
            <item id="move2production">
              <rank>110</rank>
            </item>
            <item id="purchase_date">
              <rank>120</rank>
            </item>
            <item id="end_of_warranty">
              <rank>130</rank>
            </item>
          </items>
        </search>
        <list>
          <items>
            <item id="org_id">
              <rank>10</rank>
            </item>
            <item id="status">
              <rank>20</rank>
            </item>
            <item id="location_id">
              <rank>30</rank>
            </item>
            <item id="brand_id">
              <rank>40</rank>
            </item>
            <item id="model_id">
              <rank>50</rank>
            </item>
            <item id="phonenumber">
              <rank>60</rank>
            </item>
          </items>
        </list>
      </presentation>
    </class>
    <class id="Tablet" _delta="define">
      <parent>PhysicalDevice</parent>
      <properties>
        <category>bizmodel,searchable</category>
        <abstract>false</abstract>
        <key_type>autoincrement</key_type>
        <db_table>tablet</db_table>
        <db_key_field>id</db_key_field>
        <db_final_class_field/>
        <naming>
          <attributes>
            <attribute id="name"/>
          </attributes>
        </naming>
        <style>
          <icon>../../images/icons/icons8-smartphone-tablet.svg</icon>
        </style>
        <reconciliation>
          <attributes>
            <attribute id="name"/>
            <attribute id="org_id"/>
            <attribute id="organization_name"/>
          </attributes>
        </reconciliation>
      </properties>
      <fields/>
      <methods/>
      <presentation>
        <details>
          <items>
            <item id="name">
              <rank>10</rank>
            </item>
            <item id="org_id">
              <rank>20</rank>
            </item>
            <item id="status">
              <rank>30</rank>
            </item>
            <item id="business_criticity">
              <rank>40</rank>
            </item>
            <item id="location_id">
              <rank>50</rank>
            </item>
            <item id="brand_id">
              <rank>60</rank>
            </item>
            <item id="model_id">
              <rank>70</rank>
            </item>
            <item id="serialnumber">
              <rank>80</rank>
            </item>
            <item id="asset_number">
              <rank>90</rank>
            </item>
            <item id="move2production">
              <rank>100</rank>
            </item>
            <item id="purchase_date">
              <rank>110</rank>
            </item>
            <item id="end_of_warranty">
              <rank>120</rank>
            </item>
            <item id="description">
              <rank>130</rank>
            </item>
            <item id="contacts_list">
              <rank>140</rank>
            </item>
            <item id="documents_list">
              <rank>160</rank>
            </item>
            <item id="providercontracts_list">
              <rank>170</rank>
            </item>
            <item id="services_list">
              <rank>180</rank>
            </item>
          </items>
        </details>
        <search>
          <items>
            <item id="name">
              <rank>10</rank>
            </item>
            <item id="org_id">
              <rank>20</rank>
            </item>
            <item id="status">
              <rank>30</rank>
            </item>
            <item id="business_criticity">
              <rank>40</rank>
            </item>
            <item id="location_id">
              <rank>50</rank>
            </item>
            <item id="brand_id">
              <rank>60</rank>
            </item>
            <item id="model_id">
              <rank>70</rank>
            </item>
            <item id="serialnumber">
              <rank>80</rank>
            </item>
            <item id="asset_number">
              <rank>90</rank>
            </item>
            <item id="move2production">
              <rank>100</rank>
            </item>
            <item id="purchase_date">
              <rank>110</rank>
            </item>
            <item id="end_of_warranty">
              <rank>120</rank>
            </item>
          </items>
        </search>
        <list>
          <items>
            <item id="org_id">
              <rank>10</rank>
            </item>
            <item id="status">
              <rank>20</rank>
            </item>
            <item id="business_criticity">
              <rank>30</rank>
            </item>
            <item id="location_id">
              <rank>40</rank>
            </item>
            <item id="brand_id">
              <rank>50</rank>
            </item>
            <item id="model_id">
              <rank>60</rank>
            </item>
            <item id="serialnumber">
              <rank>70</rank>
            </item>
          </items>
        </list>
      </presentation>
    </class>
    <class id="PC" _delta="define">
      <parent>ConnectableCI</parent>
      <properties>
        <category>bizmodel,searchable</category>
        <abstract>false</abstract>
        <key_type>autoincrement</key_type>
        <db_table>pc</db_table>
        <db_key_field>id</db_key_field>
        <db_final_class_field/>
        <naming>
          <attributes>
            <attribute id="name"/>
          </attributes>
        </naming>
        <style>
          <icon>../../images/icons/icons8-laptop.svg</icon>
        </style>
        <reconciliation>
          <attributes>
            <attribute id="name"/>
            <attribute id="org_id"/>
            <attribute id="organization_name"/>
          </attributes>
        </reconciliation>
      </properties>
      <fields>
        <field id="osfamily_id" xsi:type="AttributeExternalKey">
          <sql>osfamily_id</sql>
          <target_class>OSFamily</target_class>
          <is_null_allowed>true</is_null_allowed>
          <on_target_delete>DEL_MANUAL</on_target_delete>
        </field>
        <field id="osfamily_name" xsi:type="AttributeExternalField">
          <extkey_attcode>osfamily_id</extkey_attcode>
          <target_attcode>name</target_attcode>
        </field>
        <field id="osversion_id" xsi:type="AttributeExternalKey">
          <filter><![CDATA[SELECT OSVersion WHERE osfamily_id = :this->osfamily_id]]></filter>
          <dependencies>
            <attribute id="osfamily_id"/>
          </dependencies>
          <sql>osversion_id</sql>
          <target_class>OSVersion</target_class>
          <is_null_allowed>true</is_null_allowed>
          <on_target_delete>DEL_MANUAL</on_target_delete>
        </field>
        <field id="osversion_name" xsi:type="AttributeExternalField">
          <extkey_attcode>osversion_id</extkey_attcode>
          <target_attcode>name</target_attcode>
        </field>
        <field id="cpu" xsi:type="AttributeString">
          <sql>cpu</sql>
          <default_value/>
          <is_null_allowed>true</is_null_allowed>
        </field>
        <field id="ram" xsi:type="AttributeString">
          <sql>ram</sql>
          <default_value/>
          <is_null_allowed>true</is_null_allowed>
        </field>
        <field id="type" xsi:type="AttributeEnum">
          <values>
            <value id="laptop">
              <code>laptop</code>
            </value>
            <value id="desktop">
              <code>desktop</code>
            </value>
          </values>
          <sql>type</sql>
          <default_value/>
          <is_null_allowed>true</is_null_allowed>
          <display_style>radio_horizontal</display_style>
        </field>
      </fields>
      <methods/>
      <presentation>
        <details>
          <items>
            <item id="softwares_list">
              <rank>5</rank>
            </item>
            <item id="contacts_list">
              <rank>10</rank>
            </item>
            <item id="documents_list">
              <rank>20</rank>
            </item>
            <item id="physicalinterface_list">
              <rank>40</rank>
            </item>
            <item id="networkdevice_list">
              <rank>50</rank>
            </item>
            <item id="providercontracts_list">
              <rank>60</rank>
            </item>
            <item id="services_list">
              <rank>70</rank>
            </item>
            <item id="col:col1">
              <rank>80</rank>
              <items>
                <item id="fieldset:Server:baseinfo">
                  <rank>10</rank>
                  <items>
                    <item id="name">
                      <rank>10</rank>
                    </item>
                    <item id="org_id">
                      <rank>20</rank>
                    </item>
                    <item id="status">
                      <rank>30</rank>
                    </item>
                    <item id="business_criticity">
                      <rank>40</rank>
                    </item>
                    <item id="location_id">
                      <rank>50</rank>
                    </item>
                  </items>
                </item>
                <item id="fieldset:Server:moreinfo">
                  <rank>20</rank>
                  <items>
                    <item id="brand_id">
                      <rank>10</rank>
                    </item>
                    <item id="model_id">
                      <rank>20</rank>
                    </item>
                    <item id="osfamily_id">
                      <rank>30</rank>
                    </item>
                    <item id="osversion_id">
                      <rank>40</rank>
                    </item>
                    <item id="type">
                      <rank>50</rank>
                    </item>
                    <item id="cpu">
                      <rank>60</rank>
                    </item>
                    <item id="ram">
                      <rank>70</rank>
                    </item>
                    <item id="serialnumber">
                      <rank>80</rank>
                    </item>
                    <item id="asset_number">
                      <rank>90</rank>
                    </item>
                  </items>
                </item>
              </items>
            </item>
            <item id="col:col2">
              <rank>90</rank>
              <items>
                <item id="fieldset:Server:Date">
                  <rank>10</rank>
                  <items>
                    <item id="move2production">
                      <rank>10</rank>
                    </item>
                    <item id="purchase_date">
                      <rank>20</rank>
                    </item>
                    <item id="end_of_warranty">
                      <rank>30</rank>
                    </item>
                  </items>
                </item>
                <item id="fieldset:Server:otherinfo">
                  <rank>20</rank>
                  <items>
                    <item id="description">
                      <rank>10</rank>
                    </item>
                  </items>
                </item>
              </items>
            </item>
          </items>
        </details>
        <search>
          <items>
            <item id="name">
              <rank>10</rank>
            </item>
            <item id="org_id">
              <rank>20</rank>
            </item>
            <item id="status">
              <rank>30</rank>
            </item>
            <item id="business_criticity">
              <rank>40</rank>
            </item>
            <item id="location_id">
              <rank>50</rank>
            </item>
            <item id="brand_id">
              <rank>60</rank>
            </item>
            <item id="model_id">
              <rank>70</rank>
            </item>
            <item id="type">
              <rank>80</rank>
            </item>
            <item id="serialnumber">
              <rank>90</rank>
            </item>
            <item id="asset_number">
              <rank>100</rank>
            </item>
            <item id="move2production">
              <rank>110</rank>
            </item>
            <item id="purchase_date">
              <rank>120</rank>
            </item>
            <item id="end_of_warranty">
              <rank>130</rank>
            </item>
          </items>
        </search>
        <list>
          <items>
            <item id="org_id">
              <rank>10</rank>
            </item>
            <item id="status">
              <rank>20</rank>
            </item>
            <item id="business_criticity">
              <rank>30</rank>
            </item>
            <item id="location_id">
              <rank>40</rank>
            </item>
            <item id="brand_id">
              <rank>50</rank>
            </item>
            <item id="model_id">
              <rank>60</rank>
            </item>
            <item id="serialnumber">
              <rank>70</rank>
            </item>
          </items>
        </list>
      </presentation>
    </class>
    <class id="Printer" _delta="define">
      <parent>ConnectableCI</parent>
      <properties>
        <category>bizmodel,searchable</category>
        <abstract>false</abstract>
        <key_type>autoincrement</key_type>
        <db_table>printer</db_table>
        <db_key_field>id</db_key_field>
        <db_final_class_field/>
        <naming>
          <attributes>
            <attribute id="name"/>
          </attributes>
        </naming>
        <style>
          <icon>../../images/icons/icons8-print.svg</icon>
        </style>
        <reconciliation>
          <attributes>
            <attribute id="name"/>
            <attribute id="org_id"/>
            <attribute id="organization_name"/>
          </attributes>
        </reconciliation>
      </properties>
      <fields/>
      <methods/>
      <presentation>
        <details>
          <items>
            <item id="contacts_list">
              <rank>10</rank>
            </item>
            <item id="documents_list">
              <rank>20</rank>
            </item>
            <item id="physicalinterface_list">
              <rank>40</rank>
            </item>
            <item id="networkdevice_list">
              <rank>50</rank>
            </item>
            <item id="providercontracts_list">
              <rank>60</rank>
            </item>
            <item id="services_list">
              <rank>70</rank>
            </item>
            <item id="col:col1">
              <rank>80</rank>
              <items>
                <item id="fieldset:Server:baseinfo">
                  <rank>10</rank>
                  <items>
                    <item id="name">
                      <rank>10</rank>
                    </item>
                    <item id="org_id">
                      <rank>20</rank>
                    </item>
                    <item id="status">
                      <rank>30</rank>
                    </item>
                    <item id="business_criticity">
                      <rank>40</rank>
                    </item>
                    <item id="location_id">
                      <rank>50</rank>
                    </item>
                  </items>
                </item>
                <item id="fieldset:Server:moreinfo">
                  <rank>20</rank>
                  <items>
                    <item id="brand_id">
                      <rank>10</rank>
                    </item>
                    <item id="model_id">
                      <rank>20</rank>
                    </item>
                    <item id="serialnumber">
                      <rank>30</rank>
                    </item>
                    <item id="asset_number">
                      <rank>40</rank>
                    </item>
                  </items>
                </item>
              </items>
            </item>
            <item id="col:col2">
              <rank>90</rank>
              <items>
                <item id="fieldset:Server:Date">
                  <rank>10</rank>
                  <items>
                    <item id="move2production">
                      <rank>10</rank>
                    </item>
                    <item id="purchase_date">
                      <rank>20</rank>
                    </item>
                    <item id="end_of_warranty">
                      <rank>30</rank>
                    </item>
                  </items>
                </item>
                <item id="fieldset:Server:otherinfo">
                  <rank>20</rank>
                  <items>
                    <item id="description">
                      <rank>10</rank>
                    </item>
                  </items>
                </item>
              </items>
            </item>
          </items>
        </details>
        <search>
          <items>
            <item id="name">
              <rank>10</rank>
            </item>
            <item id="org_id">
              <rank>20</rank>
            </item>
            <item id="status">
              <rank>30</rank>
            </item>
            <item id="business_criticity">
              <rank>40</rank>
            </item>
            <item id="location_id">
              <rank>50</rank>
            </item>
            <item id="brand_id">
              <rank>60</rank>
            </item>
            <item id="model_id">
              <rank>70</rank>
            </item>
            <item id="serialnumber">
              <rank>80</rank>
            </item>
            <item id="asset_number">
              <rank>90</rank>
            </item>
            <item id="move2production">
              <rank>100</rank>
            </item>
            <item id="purchase_date">
              <rank>110</rank>
            </item>
            <item id="end_of_warranty">
              <rank>120</rank>
            </item>
          </items>
        </search>
        <list>
          <items>
            <item id="org_id">
              <rank>10</rank>
            </item>
            <item id="status">
              <rank>20</rank>
            </item>
            <item id="business_criticity">
              <rank>30</rank>
            </item>
            <item id="location_id">
              <rank>40</rank>
            </item>
            <item id="brand_id">
              <rank>50</rank>
            </item>
            <item id="model_id">
              <rank>60</rank>
            </item>
            <item id="serialnumber">
              <rank>70</rank>
            </item>
          </items>
        </list>
      </presentation>
    </class>
    <class id="Peripheral" _delta="define">
      <parent>PhysicalDevice</parent>
      <properties>
        <category>bizmodel,searchable</category>
        <abstract>false</abstract>
        <key_type>autoincrement</key_type>
        <db_table>peripheral</db_table>
        <db_key_field>id</db_key_field>
        <db_final_class_field/>
        <naming>
          <attributes>
            <attribute id="name"/>
          </attributes>
        </naming>
        <style>
          <icon>../../images/icons/icons8-electronics.svg</icon>
        </style>
        <reconciliation>
          <attributes>
            <attribute id="name"/>
            <attribute id="org_id"/>
            <attribute id="organization_name"/>
          </attributes>
        </reconciliation>
      </properties>
      <fields/>
      <methods/>
      <presentation>
        <details>
          <items>
            <item id="name">
              <rank>10</rank>
            </item>
            <item id="org_id">
              <rank>20</rank>
            </item>
            <item id="status">
              <rank>30</rank>
            </item>
            <item id="business_criticity">
              <rank>40</rank>
            </item>
            <item id="location_id">
              <rank>50</rank>
            </item>
            <item id="brand_id">
              <rank>60</rank>
            </item>
            <item id="model_id">
              <rank>70</rank>
            </item>
            <item id="serialnumber">
              <rank>80</rank>
            </item>
            <item id="asset_number">
              <rank>90</rank>
            </item>
            <item id="move2production">
              <rank>100</rank>
            </item>
            <item id="purchase_date">
              <rank>110</rank>
            </item>
            <item id="end_of_warranty">
              <rank>120</rank>
            </item>
            <item id="description">
              <rank>130</rank>
            </item>
            <item id="contacts_list">
              <rank>140</rank>
            </item>
            <item id="documents_list">
              <rank>150</rank>
            </item>
            <item id="providercontracts_list">
              <rank>170</rank>
            </item>
            <item id="services_list">
              <rank>180</rank>
            </item>
          </items>
        </details>
        <search>
          <items>
            <item id="name">
              <rank>10</rank>
            </item>
            <item id="org_id">
              <rank>20</rank>
            </item>
            <item id="status">
              <rank>30</rank>
            </item>
            <item id="business_criticity">
              <rank>40</rank>
            </item>
            <item id="location_id">
              <rank>50</rank>
            </item>
            <item id="brand_id">
              <rank>60</rank>
            </item>
            <item id="model_id">
              <rank>70</rank>
            </item>
            <item id="serialnumber">
              <rank>80</rank>
            </item>
            <item id="asset_number">
              <rank>90</rank>
            </item>
            <item id="move2production">
              <rank>100</rank>
            </item>
            <item id="purchase_date">
              <rank>110</rank>
            </item>
            <item id="end_of_warranty">
              <rank>120</rank>
            </item>
          </items>
        </search>
        <list>
          <items>
            <item id="org_id">
              <rank>10</rank>
            </item>
            <item id="status">
              <rank>20</rank>
            </item>
            <item id="business_criticity">
              <rank>30</rank>
            </item>
            <item id="location_id">
              <rank>40</rank>
            </item>
            <item id="brand_id">
              <rank>50</rank>
            </item>
            <item id="model_id">
              <rank>60</rank>
            </item>
            <item id="serialnumber">
              <rank>70</rank>
            </item>
          </items>
        </list>
      </presentation>
    </class>
  </classes>
  <menus>
    <menu id="ConfigManagementOverview" xsi:type="DashboardMenuNode" _delta="must_exist">
      <definition>
        <cells>
          <cell id="2" _delta="define">
            <rank>2</rank>
            <dashlets>
              <dashlet id="25" xsi:type="DashletHeaderStatic">
                <rank>0</rank>
                <title>Menu:ConfigManagement:EndUsers</title>
                  <icon>../images/icons/icons8-team.svg</icon>
              </dashlet>
              <dashlet id="26" xsi:type="DashletBadge">
                <rank>1</rank>
                <class>PC</class>
              </dashlet>
              <dashlet id="27" xsi:type="DashletBadge">
                <rank>2</rank>
                <class>Phone</class>
              </dashlet>
              <dashlet id="28" xsi:type="DashletBadge">
                <rank>3</rank>
                <class>IPPhone</class>
              </dashlet>
              <dashlet id="29" xsi:type="DashletBadge">
                <rank>4</rank>
                <class>MobilePhone</class>
              </dashlet>
              <dashlet id="30" xsi:type="DashletBadge">
                <rank>5</rank>
                <class>Tablet</class>
              </dashlet>
              <dashlet id="31" xsi:type="DashletBadge">
                <rank>6</rank>
                <class>Printer</class>
              </dashlet>
              <dashlet id="32" xsi:type="DashletBadge">
                <rank>7</rank>
                <class>Peripheral</class>
              </dashlet>
            </dashlets>
          </cell>
        </cells>
      </definition>
    </menu>
  </menus>
</itop_design>
