<?xml version="1.0" encoding="UTF-8"?>
<itop_design xmlns:xsi="http://www.w3.org/2001/XMLSchema-instance" version="3.0">
  <branding>
    <themes>
      <theme id="darkmoon" _delta="define">
        <variables>
        </variables>
        <imports>
          <import id="nord-scss-variables" xsi:type="variables">combodo-backoffice-darkmoon-theme/vendors/nord/src/sass/nord.scss</import>
          <import id="darkmoon-scss-variables" xsi:type="variables">combodo-backoffice-darkmoon-theme/scss/scss-variables.scss</import>
        </imports>
        <stylesheets>
          <stylesheet id="fullmoon">../css/backoffice/main.scss</stylesheet>
          <stylesheet id="editor">combodo-backoffice-darkmoon-theme/scss/editor.scss</stylesheet>
        </stylesheets>
        <precompiled_stylesheet>combodo-backoffice-darkmoon-theme/precompiled-themes/main.css</precompiled_stylesheet>
      </theme>
    </themes>
  </branding>
</itop_design>
